"prefix","first_name","last_name","email","phone_no","age","errors"
"","breain","lara","laraacds@gmail.com","6545124532","45","prefix not valiid ,phone number not correct,"
"Mrs","jaya","kumari","jaycasca@gmail.com","","25","phone number not correct,"
"Mrs","jaya","kumari","acdsasdc@gmail.com","+1 6545124532","bjhd","age not correct,"
"","mehul","mehta","mecadchta@gmail.com","","25","prefix not valiid ,phone number not correct,"
"Dr","mayur","mehgh","","+91 9898989596","55","email not correct,"
"miss","breain","lara","laraacds@gmail.com","6545124532","45","prefix not valiid ,phone number not correct,"
"Mrs","jaya","kumari","123casca@gmail.com","","25","phone number not correct,"
"Mrs","","kumari","","+1 6545124532","bjhd","email not correct,age not correct,"
"dear","mehul","mehta","me0909cdchta@gmail.com","","25","prefix not valiid ,phone number not correct,"
"Mrs","piyush","ramanuj","eca22323ta@gmail.com","+1 6545124532","25","dublicate email / email already used"
"Mrs","piyush","ramanuj","ecadchta@gmail.com","+1 6545124532","25","dublicate email / email already used"
"Dr","john","cena","john123@gmail.com","+91 9898989596","55","dublicate email / email already used"