prefix,first_name,last_name,email,phone_no,age
Dr,john,cena,john123@gmail.com,+91 9898989596,55
,breain,lara,laraacds@gmail.com,6545124532,45
Mrs,jaya,kumari,jaycasca@gmail.com,,25
Mrs,jaya,kumari,acdsasdc@gmail.com,+1 6545124532,bjhd
,mehul,mehta,mecadchta@gmail.com,,25
Mrs,piyush,ramanuj,ecadchta@gmail.com,+1 6545124532,25
Dr,mayur,mehgh,,+91 9898989596,55
miss,breain,lara,laraacds@gmail.com,6545124532,45
Mrs,jaya,kumari,123casca@gmail.com,,25
Mrs,,kumari,,+1 6545124532,bjhd
dear,mehul,mehta,me0909cdchta@gmail.com,,25
Mrs,piyush,ramanuj,eca22323ta@gmail.com,+1 6545124532,25
